"siap"	"gp"	"marss"
"overall"	0.952919453513805	0.93452626240213	0.0734855929248423
"downtime"	0.957940403909917	0.93350951712268	0.073104643285973
"scattered"	0.945726601175146	0.935744875096261	0.0739421773566891
